{"initial_reset_timestamp": 1657759937.9127316, "timestamps": [1657759948.0467038], "episode_lengths": [164], "episode_rewards": [-164.0], "episode_types": ["t"]}