{"initial_reset_timestamp": 1657759999.546977, "timestamps": [1657760009.18108], "episode_lengths": [162], "episode_rewards": [-162.0], "episode_types": ["t"]}