{"initial_reset_timestamp": 1657762357.276551, "timestamps": [1657762368.0333614], "episode_lengths": [188], "episode_rewards": [-188.0], "episode_types": ["t"]}