{"initial_reset_timestamp": 1657760070.3514028, "timestamps": [1657760080.719765], "episode_lengths": [188], "episode_rewards": [-188.0], "episode_types": ["t"]}